,id,name,date,price
0,bitcoin,Bitcoin,2022-10-29,20591.2
1,bitcoin,Bitcoin,2022-10-30,20800.7
2,bitcoin,Bitcoin,2022-10-31,20623.9
3,bitcoin,Bitcoin,2022-11-01,20494.6
4,bitcoin,Bitcoin,2022-11-02,20489.6
5,bitcoin,Bitcoin,2022-11-03,20163.0
6,bitcoin,Bitcoin,2022-11-04,20210.9
7,bitcoin,Bitcoin,2022-11-05,21150.3
8,bitcoin,Bitcoin,2022-11-06,21283.0
9,bitcoin,Bitcoin,2022-11-07,20907.0
10,bitcoin,Bitcoin,2022-11-08,20597.8
11,bitcoin,Bitcoin,2022-11-09,18562.4
12,bitcoin,Bitcoin,2022-11-10,15742.4
13,bitcoin,Bitcoin,2022-11-11,17594.9
14,bitcoin,Bitcoin,2022-11-12,17080.2
15,bitcoin,Bitcoin,2022-11-13,16798.0
16,bitcoin,Bitcoin,2022-11-14,16344.3
17,bitcoin,Bitcoin,2022-11-15,16645.8
18,bitcoin,Bitcoin,2022-11-16,16890.5
19,bitcoin,Bitcoin,2022-11-17,16689.4
20,bitcoin,Bitcoin,2022-11-18,16718.4
21,bitcoin,Bitcoin,2022-11-19,16707.0
22,bitcoin,Bitcoin,2022-11-20,16712.7
23,bitcoin,Bitcoin,2022-11-21,16304.1
24,bitcoin,Bitcoin,2022-11-22,15814.3
25,bitcoin,Bitcoin,2022-11-23,16171.6
26,bitcoin,Bitcoin,2022-11-24,16608.0
27,bitcoin,Bitcoin,2022-11-25,16596.0
28,bitcoin,Bitcoin,2022-11-26,16524.4
29,bitcoin,Bitcoin,2022-11-27,16456.2
30,bitcoin,Bitcoin,2022-11-28,16459.2
31,bitcoin,Bitcoin,2022-11-29,16222.2
32,bitcoin,Bitcoin,2022-11-30,16442.0
33,bitcoin,Bitcoin,2022-12-01,17186.5
34,bitcoin,Bitcoin,2022-12-02,16972.7
35,bitcoin,Bitcoin,2022-12-03,17084.9
36,bitcoin,Bitcoin,2022-12-04,16923.4
37,bitcoin,Bitcoin,2022-12-05,17149.9
38,bitcoin,Bitcoin,2022-12-06,16973.4
39,bitcoin,Bitcoin,2022-12-07,17085.6
40,bitcoin,Bitcoin,2022-12-08,16851.3
41,bitcoin,Bitcoin,2022-12-09,17235.0
42,bitcoin,Bitcoin,2022-12-10,17149.8
43,bitcoin,Bitcoin,2022-12-11,17125.4
44,bitcoin,Bitcoin,2022-12-12,17101.0
45,bitcoin,Bitcoin,2022-12-13,17179.6
46,bitcoin,Bitcoin,2022-12-14,17784.2
47,bitcoin,Bitcoin,2022-12-15,17808.7
48,bitcoin,Bitcoin,2022-12-16,17338.4
49,bitcoin,Bitcoin,2022-12-17,16623.8
50,bitcoin,Bitcoin,2022-12-18,16806.5
51,bitcoin,Bitcoin,2022-12-19,16742.8
52,bitcoin,Bitcoin,2022-12-20,16422.6
53,bitcoin,Bitcoin,2022-12-21,16899.3
54,bitcoin,Bitcoin,2022-12-22,16816.9
55,bitcoin,Bitcoin,2022-12-23,16824.8
56,bitcoin,Bitcoin,2022-12-24,16791.5
57,bitcoin,Bitcoin,2022-12-25,16848.6
58,bitcoin,Bitcoin,2022-12-26,16842.2
59,bitcoin,Bitcoin,2022-12-27,16900.1
60,bitcoin,Bitcoin,2022-12-28,16701.8
61,bitcoin,Bitcoin,2022-12-29,16538.9
62,bitcoin,Bitcoin,2022-12-30,16644.4
63,bitcoin,Bitcoin,2022-12-31,16604.0
64,bitcoin,Bitcoin,2023-01-01,16540.7
65,bitcoin,Bitcoin,2023-01-02,16616.0
66,bitcoin,Bitcoin,2023-01-03,16674.3
67,bitcoin,Bitcoin,2023-01-04,16677.6
68,bitcoin,Bitcoin,2023-01-05,16855.2
69,bitcoin,Bitcoin,2023-01-06,16832.1
70,bitcoin,Bitcoin,2023-01-07,16960.2
71,bitcoin,Bitcoin,2023-01-08,16950.9
72,bitcoin,Bitcoin,2023-01-09,17074.6
73,bitcoin,Bitcoin,2023-01-10,17194.9
74,bitcoin,Bitcoin,2023-01-11,17436.9
75,bitcoin,Bitcoin,2023-01-12,17996.8
76,bitcoin,Bitcoin,2023-01-13,18866.8
77,bitcoin,Bitcoin,2023-01-14,19941.8
78,bitcoin,Bitcoin,2023-01-15,21019.2
79,bitcoin,Bitcoin,2023-01-16,20853.2
80,bitcoin,Bitcoin,2023-01-17,21175.3
81,bitcoin,Bitcoin,2023-01-18,21156.8
82,bitcoin,Bitcoin,2023-01-19,20726.8
83,bitcoin,Bitcoin,2023-01-20,21081.7
84,bitcoin,Bitcoin,2023-01-21,22705.8
85,bitcoin,Bitcoin,2023-01-22,22771.0
86,bitcoin,Bitcoin,2023-01-23,22736.7
87,bitcoin,Bitcoin,2023-01-24,22984.9
88,bitcoin,Bitcoin,2023-01-25,22610.0
89,bitcoin,Bitcoin,2023-01-26,23180.4
90,bitcoin,Bitcoin,2023-01-27,23024.7
91,bitcoin,Bitcoin,2023-01-28,23082.9
92,bitcoin,Bitcoin,2023-01-29,23022.2
93,bitcoin,Bitcoin,2023-01-30,23797.5
94,bitcoin,Bitcoin,2023-01-31,22840.4
95,bitcoin,Bitcoin,2023-02-01,23137.3
96,bitcoin,Bitcoin,2023-02-02,23725.2
97,bitcoin,Bitcoin,2023-02-03,23539.7
98,bitcoin,Bitcoin,2023-02-04,23451.6
99,bitcoin,Bitcoin,2023-02-05,23340.3
100,bitcoin,Bitcoin,2023-02-06,22946.3
101,bitcoin,Bitcoin,2023-02-07,22786.5
102,bitcoin,Bitcoin,2023-02-08,23294.9
103,bitcoin,Bitcoin,2023-02-09,22947.5
104,bitcoin,Bitcoin,2023-02-10,21820.9
105,bitcoin,Bitcoin,2023-02-11,21630.1
106,bitcoin,Bitcoin,2023-02-12,21889.4
107,bitcoin,Bitcoin,2023-02-13,21779.9
108,bitcoin,Bitcoin,2023-02-14,21807.8
109,bitcoin,Bitcoin,2023-02-15,22220.1
110,bitcoin,Bitcoin,2023-02-16,24307.9
111,bitcoin,Bitcoin,2023-02-17,23756.9
112,bitcoin,Bitcoin,2023-02-18,24628.8
113,bitcoin,Bitcoin,2023-02-19,24642.8
114,bitcoin,Bitcoin,2023-02-20,24284.5
115,bitcoin,Bitcoin,2023-02-21,24786.7
116,bitcoin,Bitcoin,2023-02-22,24417.4
117,bitcoin,Bitcoin,2023-02-23,24146.1
118,bitcoin,Bitcoin,2023-02-24,23951.1
119,bitcoin,Bitcoin,2023-02-25,23172.3
120,bitcoin,Bitcoin,2023-02-26,23157.0
121,bitcoin,Bitcoin,2023-02-27,23541.1
122,bitcoin,Bitcoin,2023-02-28,23518.1
123,bitcoin,Bitcoin,2023-03-01,23155.5
124,bitcoin,Bitcoin,2023-03-02,23634.3
125,bitcoin,Bitcoin,2023-03-03,23464.3
126,bitcoin,Bitcoin,2023-03-04,22367.4
127,bitcoin,Bitcoin,2023-03-05,22348.3
128,bitcoin,Bitcoin,2023-03-06,22421.9
129,bitcoin,Bitcoin,2023-03-07,22415.1
130,bitcoin,Bitcoin,2023-03-08,22217.2
131,bitcoin,Bitcoin,2023-03-09,21712.7
132,bitcoin,Bitcoin,2023-03-10,20376.3
133,bitcoin,Bitcoin,2023-03-11,20195.2
134,bitcoin,Bitcoin,2023-03-12,20521.6
135,bitcoin,Bitcoin,2023-03-13,22095.7
136,bitcoin,Bitcoin,2023-03-14,24179.0
137,bitcoin,Bitcoin,2023-03-15,24758.8
138,bitcoin,Bitcoin,2023-03-16,24470.9
139,bitcoin,Bitcoin,2023-03-17,25161.3
140,bitcoin,Bitcoin,2023-03-18,27466.7
141,bitcoin,Bitcoin,2023-03-19,27107.8
142,bitcoin,Bitcoin,2023-03-20,28186.8
143,bitcoin,Bitcoin,2023-03-21,27929.2
144,bitcoin,Bitcoin,2023-03-22,28264.2
145,bitcoin,Bitcoin,2023-03-23,27449.3
146,bitcoin,Bitcoin,2023-03-24,28459.7
147,bitcoin,Bitcoin,2023-03-25,27595.5
148,bitcoin,Bitcoin,2023-03-26,27670.2
149,bitcoin,Bitcoin,2023-03-27,28048.5
150,bitcoin,Bitcoin,2023-03-28,27182.3
151,bitcoin,Bitcoin,2023-03-29,27291.3
152,bitcoin,Bitcoin,2023-03-30,28395.0
153,bitcoin,Bitcoin,2023-03-31,28041.1
154,bitcoin,Bitcoin,2023-04-01,28516.8
155,bitcoin,Bitcoin,2023-04-02,28498.9
156,bitcoin,Bitcoin,2023-04-03,28236.5
157,bitcoin,Bitcoin,2023-04-04,27815.4
158,bitcoin,Bitcoin,2023-04-05,28175.3
159,bitcoin,Bitcoin,2023-04-06,28197.2
160,bitcoin,Bitcoin,2023-04-07,28043.0
161,bitcoin,Bitcoin,2023-04-08,27934.4
162,bitcoin,Bitcoin,2023-04-09,27968.1
163,bitcoin,Bitcoin,2023-04-10,28351.2
164,bitcoin,Bitcoin,2023-04-11,29658.0
165,bitcoin,Bitcoin,2023-04-12,30260.9
166,bitcoin,Bitcoin,2023-04-13,29904.1
167,bitcoin,Bitcoin,2023-04-14,30405.0
168,bitcoin,Bitcoin,2023-04-15,30468.4
169,bitcoin,Bitcoin,2023-04-16,30312.2
170,bitcoin,Bitcoin,2023-04-17,30304.8
171,bitcoin,Bitcoin,2023-04-18,29467.5
172,bitcoin,Bitcoin,2023-04-19,30365.9
173,bitcoin,Bitcoin,2023-04-20,28833.2
174,bitcoin,Bitcoin,2023-04-21,28255.6
175,bitcoin,Bitcoin,2023-04-22,27300.2
176,bitcoin,Bitcoin,2023-04-23,27861.6
177,bitcoin,Bitcoin,2023-04-24,27606.6
178,bitcoin,Bitcoin,2023-04-25,27511.6
179,bitcoin,Bitcoin,2023-04-26,28351.2
180,bitcoin,Bitcoin,2023-04-27,28352.2
181,bitcoin,Bitcoin,2023-04-28,29483.5
182,bitcoin,Bitcoin,2023-04-29,29340.0
183,ethereum,Ethereum,2022-10-29,1555.03
184,ethereum,Ethereum,2022-10-30,1619.43
185,ethereum,Ethereum,2022-10-31,1591.05
186,ethereum,Ethereum,2022-11-01,1572.98
187,ethereum,Ethereum,2022-11-02,1580.38
188,ethereum,Ethereum,2022-11-03,1520.64
189,ethereum,Ethereum,2022-11-04,1531.11
190,ethereum,Ethereum,2022-11-05,1644.19
191,ethereum,Ethereum,2022-11-06,1626.81
192,ethereum,Ethereum,2022-11-07,1572.95
193,ethereum,Ethereum,2022-11-08,1569.99
194,ethereum,Ethereum,2022-11-09,1334.29
195,ethereum,Ethereum,2022-11-10,1095.18
196,ethereum,Ethereum,2022-11-11,1301.55
197,ethereum,Ethereum,2022-11-12,1293.91
198,ethereum,Ethereum,2022-11-13,1255.6
199,ethereum,Ethereum,2022-11-14,1223.01
200,ethereum,Ethereum,2022-11-15,1242.0
201,ethereum,Ethereum,2022-11-16,1252.71
202,ethereum,Ethereum,2022-11-17,1217.7
203,ethereum,Ethereum,2022-11-18,1201.79
204,ethereum,Ethereum,2022-11-19,1213.5
205,ethereum,Ethereum,2022-11-20,1218.89
206,ethereum,Ethereum,2022-11-21,1144.25
207,ethereum,Ethereum,2022-11-22,1110.29
208,ethereum,Ethereum,2022-11-23,1135.18
209,ethereum,Ethereum,2022-11-24,1184.46
210,ethereum,Ethereum,2022-11-25,1204.21
211,ethereum,Ethereum,2022-11-26,1198.98
212,ethereum,Ethereum,2022-11-27,1205.66
213,ethereum,Ethereum,2022-11-28,1196.2
214,ethereum,Ethereum,2022-11-29,1170.12
215,ethereum,Ethereum,2022-11-30,1216.94
216,ethereum,Ethereum,2022-12-01,1298.94
217,ethereum,Ethereum,2022-12-02,1276.64
218,ethereum,Ethereum,2022-12-03,1293.95
219,ethereum,Ethereum,2022-12-04,1243.04
220,ethereum,Ethereum,2022-12-05,1282.42
221,ethereum,Ethereum,2022-12-06,1259.76
222,ethereum,Ethereum,2022-12-07,1271.94
223,ethereum,Ethereum,2022-12-08,1233.62
224,ethereum,Ethereum,2022-12-09,1281.21
225,ethereum,Ethereum,2022-12-10,1264.48
226,ethereum,Ethereum,2022-12-11,1264.79
227,ethereum,Ethereum,2022-12-12,1264.32
228,ethereum,Ethereum,2022-12-13,1275.33
229,ethereum,Ethereum,2022-12-14,1319.41
230,ethereum,Ethereum,2022-12-15,1308.4
231,ethereum,Ethereum,2022-12-16,1263.75
232,ethereum,Ethereum,2022-12-17,1165.97
233,ethereum,Ethereum,2022-12-18,1189.43
234,ethereum,Ethereum,2022-12-19,1186.78
235,ethereum,Ethereum,2022-12-20,1166.99
236,ethereum,Ethereum,2022-12-21,1217.89
237,ethereum,Ethereum,2022-12-22,1213.34
238,ethereum,Ethereum,2022-12-23,1217.85
239,ethereum,Ethereum,2022-12-24,1220.7
240,ethereum,Ethereum,2022-12-25,1221.36
241,ethereum,Ethereum,2022-12-26,1219.29
242,ethereum,Ethereum,2022-12-27,1226.25
243,ethereum,Ethereum,2022-12-28,1211.82
244,ethereum,Ethereum,2022-12-29,1188.73
245,ethereum,Ethereum,2022-12-30,1201.54
246,ethereum,Ethereum,2022-12-31,1199.11
247,ethereum,Ethereum,2023-01-01,1196.61
248,ethereum,Ethereum,2023-01-02,1200.66
249,ethereum,Ethereum,2023-01-03,1214.38
250,ethereum,Ethereum,2023-01-04,1214.76
251,ethereum,Ethereum,2023-01-05,1256.44
252,ethereum,Ethereum,2023-01-06,1250.79
253,ethereum,Ethereum,2023-01-07,1270.03
254,ethereum,Ethereum,2023-01-08,1264.84
255,ethereum,Ethereum,2023-01-09,1284.58
256,ethereum,Ethereum,2023-01-10,1321.68
257,ethereum,Ethereum,2023-01-11,1336.02
258,ethereum,Ethereum,2023-01-12,1389.77
259,ethereum,Ethereum,2023-01-13,1417.13
260,ethereum,Ethereum,2023-01-14,1453.38
261,ethereum,Ethereum,2023-01-15,1549.11
262,ethereum,Ethereum,2023-01-16,1551.32
263,ethereum,Ethereum,2023-01-17,1577.73
264,ethereum,Ethereum,2023-01-18,1569.53
265,ethereum,Ethereum,2023-01-19,1516.56
266,ethereum,Ethereum,2023-01-20,1550.51
267,ethereum,Ethereum,2023-01-21,1661.33
268,ethereum,Ethereum,2023-01-22,1625.91
269,ethereum,Ethereum,2023-01-23,1630.84
270,ethereum,Ethereum,2023-01-24,1632.96
271,ethereum,Ethereum,2023-01-25,1557.06
272,ethereum,Ethereum,2023-01-26,1614.68
273,ethereum,Ethereum,2023-01-27,1602.85
274,ethereum,Ethereum,2023-01-28,1598.47
275,ethereum,Ethereum,2023-01-29,1573.06
276,ethereum,Ethereum,2023-01-30,1646.52
277,ethereum,Ethereum,2023-01-31,1568.65
278,ethereum,Ethereum,2023-02-01,1586.54
279,ethereum,Ethereum,2023-02-02,1642.86
280,ethereum,Ethereum,2023-02-03,1648.68
281,ethereum,Ethereum,2023-02-04,1665.43
282,ethereum,Ethereum,2023-02-05,1667.27
283,ethereum,Ethereum,2023-02-06,1631.37
284,ethereum,Ethereum,2023-02-07,1617.14
285,ethereum,Ethereum,2023-02-08,1672.82
286,ethereum,Ethereum,2023-02-09,1651.41
287,ethereum,Ethereum,2023-02-10,1546.38
288,ethereum,Ethereum,2023-02-11,1515.53
289,ethereum,Ethereum,2023-02-12,1541.97
290,ethereum,Ethereum,2023-02-13,1515.33
291,ethereum,Ethereum,2023-02-14,1506.92
292,ethereum,Ethereum,2023-02-15,1556.96
293,ethereum,Ethereum,2023-02-16,1674.86
294,ethereum,Ethereum,2023-02-17,1646.14
295,ethereum,Ethereum,2023-02-18,1697.08
296,ethereum,Ethereum,2023-02-19,1692.52
297,ethereum,Ethereum,2023-02-20,1680.38
298,ethereum,Ethereum,2023-02-21,1700.2
299,ethereum,Ethereum,2023-02-22,1656.58
300,ethereum,Ethereum,2023-02-23,1643.17
301,ethereum,Ethereum,2023-02-24,1651.85
302,ethereum,Ethereum,2023-02-25,1608.1
303,ethereum,Ethereum,2023-02-26,1593.95
304,ethereum,Ethereum,2023-02-27,1640.58
305,ethereum,Ethereum,2023-02-28,1633.98
306,ethereum,Ethereum,2023-03-01,1606.63
307,ethereum,Ethereum,2023-03-02,1663.93
308,ethereum,Ethereum,2023-03-03,1647.66
309,ethereum,Ethereum,2023-03-04,1570.67
310,ethereum,Ethereum,2023-03-05,1568.5
311,ethereum,Ethereum,2023-03-06,1563.23
312,ethereum,Ethereum,2023-03-07,1567.35
313,ethereum,Ethereum,2023-03-08,1563.81
314,ethereum,Ethereum,2023-03-09,1535.26
315,ethereum,Ethereum,2023-03-10,1440.17
316,ethereum,Ethereum,2023-03-11,1429.6
317,ethereum,Ethereum,2023-03-12,1474.4
318,ethereum,Ethereum,2023-03-13,1588.2
319,ethereum,Ethereum,2023-03-14,1678.92
320,ethereum,Ethereum,2023-03-15,1708.3
321,ethereum,Ethereum,2023-03-16,1658.07
322,ethereum,Ethereum,2023-03-17,1679.79
323,ethereum,Ethereum,2023-03-18,1793.3
324,ethereum,Ethereum,2023-03-19,1769.43
325,ethereum,Ethereum,2023-03-20,1801.37
326,ethereum,Ethereum,2023-03-21,1744.44
327,ethereum,Ethereum,2023-03-22,1811.41
328,ethereum,Ethereum,2023-03-23,1747.64
329,ethereum,Ethereum,2023-03-24,1824.96
330,ethereum,Ethereum,2023-03-25,1751.22
331,ethereum,Ethereum,2023-03-26,1753.98
332,ethereum,Ethereum,2023-03-27,1776.87
333,ethereum,Ethereum,2023-03-28,1719.17
334,ethereum,Ethereum,2023-03-29,1776.04
335,ethereum,Ethereum,2023-03-30,1795.54
336,ethereum,Ethereum,2023-03-31,1792.91
337,ethereum,Ethereum,2023-04-01,1824.02
338,ethereum,Ethereum,2023-04-02,1823.0
339,ethereum,Ethereum,2023-04-03,1797.74
340,ethereum,Ethereum,2023-04-04,1810.47
341,ethereum,Ethereum,2023-04-05,1871.33
342,ethereum,Ethereum,2023-04-06,1911.34
343,ethereum,Ethereum,2023-04-07,1872.25
344,ethereum,Ethereum,2023-04-08,1866.66
345,ethereum,Ethereum,2023-04-09,1851.05
346,ethereum,Ethereum,2023-04-10,1859.94
347,ethereum,Ethereum,2023-04-11,1909.88
348,ethereum,Ethereum,2023-04-12,1892.94
349,ethereum,Ethereum,2023-04-13,1920.22
350,ethereum,Ethereum,2023-04-14,2012.79
351,ethereum,Ethereum,2023-04-15,2102.95
352,ethereum,Ethereum,2023-04-16,2093.17
353,ethereum,Ethereum,2023-04-17,2118.6
354,ethereum,Ethereum,2023-04-18,2077.54
355,ethereum,Ethereum,2023-04-19,2103.28
356,ethereum,Ethereum,2023-04-20,1936.43
357,ethereum,Ethereum,2023-04-21,1943.44
358,ethereum,Ethereum,2023-04-22,1850.15
359,ethereum,Ethereum,2023-04-23,1877.54
360,ethereum,Ethereum,2023-04-24,1863.64
361,ethereum,Ethereum,2023-04-25,1842.63
362,ethereum,Ethereum,2023-04-26,1870.57
363,ethereum,Ethereum,2023-04-27,1867.59
364,ethereum,Ethereum,2023-04-28,1910.46
365,ethereum,Ethereum,2023-04-29,1894.43
366,binancecoin,BNB,2022-10-29,297.704
367,binancecoin,BNB,2022-10-30,303.658
368,binancecoin,BNB,2022-10-31,313.601
369,binancecoin,BNB,2022-11-01,326.322
370,binancecoin,BNB,2022-11-02,324.694
371,binancecoin,BNB,2022-11-03,320.261
372,binancecoin,BNB,2022-11-04,329.585
373,binancecoin,BNB,2022-11-05,352.946
374,binancecoin,BNB,2022-11-06,348.704
375,binancecoin,BNB,2022-11-07,340.893
376,binancecoin,BNB,2022-11-08,337.002
377,binancecoin,BNB,2022-11-09,330.699
378,binancecoin,BNB,2022-11-10,264.016
379,binancecoin,BNB,2022-11-11,303.55
380,binancecoin,BNB,2022-11-12,291.05
381,binancecoin,BNB,2022-11-13,281.779
382,binancecoin,BNB,2022-11-14,276.632
383,binancecoin,BNB,2022-11-15,278.404
384,binancecoin,BNB,2022-11-16,277.135
385,binancecoin,BNB,2022-11-17,272.255
386,binancecoin,BNB,2022-11-18,268.15
387,binancecoin,BNB,2022-11-19,274.077
388,binancecoin,BNB,2022-11-20,272.36
389,binancecoin,BNB,2022-11-21,264.403
390,binancecoin,BNB,2022-11-22,254.404
391,binancecoin,BNB,2022-11-23,266.36
392,binancecoin,BNB,2022-11-24,297.753
393,binancecoin,BNB,2022-11-25,300.73
394,binancecoin,BNB,2022-11-26,300.809
395,binancecoin,BNB,2022-11-27,311.245
396,binancecoin,BNB,2022-11-28,307.569
397,binancecoin,BNB,2022-11-29,293.65
398,binancecoin,BNB,2022-11-30,296.413
399,binancecoin,BNB,2022-12-01,301.706
400,binancecoin,BNB,2022-12-02,292.09
401,binancecoin,BNB,2022-12-03,292.771
402,binancecoin,BNB,2022-12-04,291.021
403,binancecoin,BNB,2022-12-05,292.552
404,binancecoin,BNB,2022-12-06,288.589
405,binancecoin,BNB,2022-12-07,290.195
406,binancecoin,BNB,2022-12-08,284.459
407,binancecoin,BNB,2022-12-09,290.52
408,binancecoin,BNB,2022-12-10,286.232
409,binancecoin,BNB,2022-12-11,288.023
410,binancecoin,BNB,2022-12-12,284.487
411,binancecoin,BNB,2022-12-13,276.951
412,binancecoin,BNB,2022-12-14,272.088
413,binancecoin,BNB,2022-12-15,268.279
414,binancecoin,BNB,2022-12-16,257.292
415,binancecoin,BNB,2022-12-17,227.858
416,binancecoin,BNB,2022-12-18,242.828
417,binancecoin,BNB,2022-12-19,251.645
418,binancecoin,BNB,2022-12-20,241.191
419,binancecoin,BNB,2022-12-21,251.676
420,binancecoin,BNB,2022-12-22,245.837
421,binancecoin,BNB,2022-12-23,245.949
422,binancecoin,BNB,2022-12-24,246.22
423,binancecoin,BNB,2022-12-25,244.742
424,binancecoin,BNB,2022-12-26,243.343
425,binancecoin,BNB,2022-12-27,243.751
426,binancecoin,BNB,2022-12-28,246.445
427,binancecoin,BNB,2022-12-29,244.034
428,binancecoin,BNB,2022-12-30,246.451
429,binancecoin,BNB,2022-12-31,245.838
430,binancecoin,BNB,2023-01-01,246.659
431,binancecoin,BNB,2023-01-02,244.065
432,binancecoin,BNB,2023-01-03,245.43
433,binancecoin,BNB,2023-01-04,246.211
434,binancecoin,BNB,2023-01-05,259.128
435,binancecoin,BNB,2023-01-06,256.474
436,binancecoin,BNB,2023-01-07,259.801
437,binancecoin,BNB,2023-01-08,261.319
438,binancecoin,BNB,2023-01-09,273.536
439,binancecoin,BNB,2023-01-10,272.726
440,binancecoin,BNB,2023-01-11,277.099
441,binancecoin,BNB,2023-01-12,285.469
442,binancecoin,BNB,2023-01-13,287.386
443,binancecoin,BNB,2023-01-14,294.144
444,binancecoin,BNB,2023-01-15,305.806
445,binancecoin,BNB,2023-01-16,301.709
446,binancecoin,BNB,2023-01-17,298.897
447,binancecoin,BNB,2023-01-18,300.186
448,binancecoin,BNB,2023-01-19,287.706
449,binancecoin,BNB,2023-01-20,294.75
450,binancecoin,BNB,2023-01-21,304.949
451,binancecoin,BNB,2023-01-22,298.956
452,binancecoin,BNB,2023-01-23,303.168
453,binancecoin,BNB,2023-01-24,306.086
454,binancecoin,BNB,2023-01-25,300.56
455,binancecoin,BNB,2023-01-26,307.087
456,binancecoin,BNB,2023-01-27,304.888
457,binancecoin,BNB,2023-01-28,308.465
458,binancecoin,BNB,2023-01-29,305.948
459,binancecoin,BNB,2023-01-30,317.306
460,binancecoin,BNB,2023-01-31,307.058
461,binancecoin,BNB,2023-02-01,312.512
462,binancecoin,BNB,2023-02-02,317.648
463,binancecoin,BNB,2023-02-03,325.438
464,binancecoin,BNB,2023-02-04,332.276
465,binancecoin,BNB,2023-02-05,330.848
466,binancecoin,BNB,2023-02-06,327.662
467,binancecoin,BNB,2023-02-07,324.971
468,binancecoin,BNB,2023-02-08,333.393
469,binancecoin,BNB,2023-02-09,328.365
470,binancecoin,BNB,2023-02-10,305.75
471,binancecoin,BNB,2023-02-11,305.923
472,binancecoin,BNB,2023-02-12,310.995
473,binancecoin,BNB,2023-02-13,313.549
474,binancecoin,BNB,2023-02-14,293.319
475,binancecoin,BNB,2023-02-15,296.201
476,binancecoin,BNB,2023-02-16,317.254
477,binancecoin,BNB,2023-02-17,306.761
478,binancecoin,BNB,2023-02-18,313.672
479,binancecoin,BNB,2023-02-19,316.208
480,binancecoin,BNB,2023-02-20,311.354
481,binancecoin,BNB,2023-02-21,314.941
482,binancecoin,BNB,2023-02-22,311.076
483,binancecoin,BNB,2023-02-23,312.465
484,binancecoin,BNB,2023-02-24,308.514
485,binancecoin,BNB,2023-02-25,301.83
486,binancecoin,BNB,2023-02-26,302.136
487,binancecoin,BNB,2023-02-27,308.574
488,binancecoin,BNB,2023-02-28,304.56
489,binancecoin,BNB,2023-03-01,301.303
490,binancecoin,BNB,2023-03-02,303.182
491,binancecoin,BNB,2023-03-03,299.821
492,binancecoin,BNB,2023-03-04,290.218
493,binancecoin,BNB,2023-03-05,289.166
494,binancecoin,BNB,2023-03-06,288.62
495,binancecoin,BNB,2023-03-07,288.022
496,binancecoin,BNB,2023-03-08,289.245
497,binancecoin,BNB,2023-03-09,286.687
498,binancecoin,BNB,2023-03-10,277.49
499,binancecoin,BNB,2023-03-11,277.033
500,binancecoin,BNB,2023-03-12,275.737
501,binancecoin,BNB,2023-03-13,289.79
502,binancecoin,BNB,2023-03-14,308.719
503,binancecoin,BNB,2023-03-15,309.576
504,binancecoin,BNB,2023-03-16,307.72
505,binancecoin,BNB,2023-03-17,331.529
506,binancecoin,BNB,2023-03-18,339.764
507,binancecoin,BNB,2023-03-19,333.032
508,binancecoin,BNB,2023-03-20,337.452
509,binancecoin,BNB,2023-03-21,335.595
510,binancecoin,BNB,2023-03-22,336.893
511,binancecoin,BNB,2023-03-23,323.601
512,binancecoin,BNB,2023-03-24,331.248
513,binancecoin,BNB,2023-03-25,324.077
514,binancecoin,BNB,2023-03-26,324.552
515,binancecoin,BNB,2023-03-27,329.147
516,binancecoin,BNB,2023-03-28,311.512
517,binancecoin,BNB,2023-03-29,313.577
518,binancecoin,BNB,2023-03-30,314.151
519,binancecoin,BNB,2023-03-31,317.121
520,binancecoin,BNB,2023-04-01,317.26
521,binancecoin,BNB,2023-04-02,315.084
522,binancecoin,BNB,2023-04-03,314.112
523,binancecoin,BNB,2023-04-04,308.846
524,binancecoin,BNB,2023-04-05,310.988
525,binancecoin,BNB,2023-04-06,314.277
526,binancecoin,BNB,2023-04-07,312.369
527,binancecoin,BNB,2023-04-08,310.826
528,binancecoin,BNB,2023-04-09,310.662
529,binancecoin,BNB,2023-04-10,313.011
530,binancecoin,BNB,2023-04-11,318.226
531,binancecoin,BNB,2023-04-12,322.731
532,binancecoin,BNB,2023-04-13,320.286
533,binancecoin,BNB,2023-04-14,325.034
534,binancecoin,BNB,2023-04-15,328.976
535,binancecoin,BNB,2023-04-16,333.266
536,binancecoin,BNB,2023-04-17,347.866
537,binancecoin,BNB,2023-04-18,340.03
538,binancecoin,BNB,2023-04-19,343.009
539,binancecoin,BNB,2023-04-20,322.347
540,binancecoin,BNB,2023-04-21,317.776
541,binancecoin,BNB,2023-04-22,321.604
542,binancecoin,BNB,2023-04-23,332.412
543,binancecoin,BNB,2023-04-24,330.68
544,binancecoin,BNB,2023-04-25,331.147
545,binancecoin,BNB,2023-04-26,339.096
546,binancecoin,BNB,2023-04-27,330.437
547,binancecoin,BNB,2023-04-28,331.515
548,binancecoin,BNB,2023-04-29,324.48
549,ripple,XRP,2022-10-29,0.472878
550,ripple,XRP,2022-10-30,0.468765
551,ripple,XRP,2022-10-31,0.457505
552,ripple,XRP,2022-11-01,0.465017
553,ripple,XRP,2022-11-02,0.464273
554,ripple,XRP,2022-11-03,0.451383
555,ripple,XRP,2022-11-04,0.455103
556,ripple,XRP,2022-11-05,0.502058
557,ripple,XRP,2022-11-06,0.493009
558,ripple,XRP,2022-11-07,0.470863
559,ripple,XRP,2022-11-08,0.466075
560,ripple,XRP,2022-11-09,0.408721
561,ripple,XRP,2022-11-10,0.331704
562,ripple,XRP,2022-11-11,0.398967
563,ripple,XRP,2022-11-12,0.389627
564,ripple,XRP,2022-11-13,0.366586
565,ripple,XRP,2022-11-14,0.341707
566,ripple,XRP,2022-11-15,0.377545
567,ripple,XRP,2022-11-16,0.390636
568,ripple,XRP,2022-11-17,0.378098
569,ripple,XRP,2022-11-18,0.384196
570,ripple,XRP,2022-11-19,0.384626
571,ripple,XRP,2022-11-20,0.38669
572,ripple,XRP,2022-11-21,0.364375
573,ripple,XRP,2022-11-22,0.367583
574,ripple,XRP,2022-11-23,0.376558
575,ripple,XRP,2022-11-24,0.383306
576,ripple,XRP,2022-11-25,0.403824
577,ripple,XRP,2022-11-26,0.410613
578,ripple,XRP,2022-11-27,0.398699
579,ripple,XRP,2022-11-28,0.399019
580,ripple,XRP,2022-11-29,0.39159
581,ripple,XRP,2022-11-30,0.399796
582,ripple,XRP,2022-12-01,0.411192
583,ripple,XRP,2022-12-02,0.398586
584,ripple,XRP,2022-12-03,0.398616
585,ripple,XRP,2022-12-04,0.389865
586,ripple,XRP,2022-12-05,0.392702
587,ripple,XRP,2022-12-06,0.390779
588,ripple,XRP,2022-12-07,0.392378
589,ripple,XRP,2022-12-08,0.384478
590,ripple,XRP,2022-12-09,0.394916
591,ripple,XRP,2022-12-10,0.390224
592,ripple,XRP,2022-12-11,0.38776
593,ripple,XRP,2022-12-12,0.382866
594,ripple,XRP,2022-12-13,0.387826
595,ripple,XRP,2022-12-14,0.395014
596,ripple,XRP,2022-12-15,0.386704
597,ripple,XRP,2022-12-16,0.377909
598,ripple,XRP,2022-12-17,0.35333
599,ripple,XRP,2022-12-18,0.355832
600,ripple,XRP,2022-12-19,0.35071
601,ripple,XRP,2022-12-20,0.339214
602,ripple,XRP,2022-12-21,0.350024
603,ripple,XRP,2022-12-22,0.34657
604,ripple,XRP,2022-12-23,0.350078
605,ripple,XRP,2022-12-24,0.355158
606,ripple,XRP,2022-12-25,0.35318
607,ripple,XRP,2022-12-26,0.346986
608,ripple,XRP,2022-12-27,0.366143
609,ripple,XRP,2022-12-28,0.367886
610,ripple,XRP,2022-12-29,0.35633
611,ripple,XRP,2022-12-30,0.343259
612,ripple,XRP,2022-12-31,0.345433
613,ripple,XRP,2023-01-01,0.340086
614,ripple,XRP,2023-01-02,0.339066
615,ripple,XRP,2023-01-03,0.34857
616,ripple,XRP,2023-01-04,0.343818
617,ripple,XRP,2023-01-05,0.348149
618,ripple,XRP,2023-01-06,0.338418
619,ripple,XRP,2023-01-07,0.34512
620,ripple,XRP,2023-01-08,0.344753
621,ripple,XRP,2023-01-09,0.345226
622,ripple,XRP,2023-01-10,0.349685
623,ripple,XRP,2023-01-11,0.351625
624,ripple,XRP,2023-01-12,0.375168
625,ripple,XRP,2023-01-13,0.375708
626,ripple,XRP,2023-01-14,0.386685
627,ripple,XRP,2023-01-15,0.39578
628,ripple,XRP,2023-01-16,0.38466
629,ripple,XRP,2023-01-17,0.387219
630,ripple,XRP,2023-01-18,0.388346
631,ripple,XRP,2023-01-19,0.379768
632,ripple,XRP,2023-01-20,0.394196
633,ripple,XRP,2023-01-21,0.4136
634,ripple,XRP,2023-01-22,0.404237
635,ripple,XRP,2023-01-23,0.402307
636,ripple,XRP,2023-01-24,0.426669
637,ripple,XRP,2023-01-25,0.408773
638,ripple,XRP,2023-01-26,0.418659
639,ripple,XRP,2023-01-27,0.411116
640,ripple,XRP,2023-01-28,0.414002
641,ripple,XRP,2023-01-29,0.409676
642,ripple,XRP,2023-01-30,0.414971
643,ripple,XRP,2023-01-31,0.396334
644,ripple,XRP,2023-02-01,0.407367
645,ripple,XRP,2023-02-02,0.414853
646,ripple,XRP,2023-02-03,0.41121
647,ripple,XRP,2023-02-04,0.412411
648,ripple,XRP,2023-02-05,0.412134
649,ripple,XRP,2023-02-06,0.399817
650,ripple,XRP,2023-02-07,0.393766
651,ripple,XRP,2023-02-08,0.404885
652,ripple,XRP,2023-02-09,0.398693
653,ripple,XRP,2023-02-10,0.383214
654,ripple,XRP,2023-02-11,0.383554
655,ripple,XRP,2023-02-12,0.385275
656,ripple,XRP,2023-02-13,0.376051
657,ripple,XRP,2023-02-14,0.372055
658,ripple,XRP,2023-02-15,0.383228
659,ripple,XRP,2023-02-16,0.401362
660,ripple,XRP,2023-02-17,0.386923
661,ripple,XRP,2023-02-18,0.395312
662,ripple,XRP,2023-02-19,0.394393
663,ripple,XRP,2023-02-20,0.385606
664,ripple,XRP,2023-02-21,0.397675
665,ripple,XRP,2023-02-22,0.391384
666,ripple,XRP,2023-02-23,0.395359
667,ripple,XRP,2023-02-24,0.389572
668,ripple,XRP,2023-02-25,0.379095
669,ripple,XRP,2023-02-26,0.378689
670,ripple,XRP,2023-02-27,0.378009
671,ripple,XRP,2023-02-28,0.379337
672,ripple,XRP,2023-03-01,0.378408
673,ripple,XRP,2023-03-02,0.384212
674,ripple,XRP,2023-03-03,0.377828
675,ripple,XRP,2023-03-04,0.379773
676,ripple,XRP,2023-03-05,0.375483
677,ripple,XRP,2023-03-06,0.368702
678,ripple,XRP,2023-03-07,0.37095
679,ripple,XRP,2023-03-08,0.380919
680,ripple,XRP,2023-03-09,0.389546
681,ripple,XRP,2023-03-10,0.373153
682,ripple,XRP,2023-03-11,0.371984
683,ripple,XRP,2023-03-12,0.366037
684,ripple,XRP,2023-03-13,0.37247
685,ripple,XRP,2023-03-14,0.374133
686,ripple,XRP,2023-03-15,0.374893
687,ripple,XRP,2023-03-16,0.36204
688,ripple,XRP,2023-03-17,0.368343
689,ripple,XRP,2023-03-18,0.380984
690,ripple,XRP,2023-03-19,0.376413
691,ripple,XRP,2023-03-20,0.389287
692,ripple,XRP,2023-03-21,0.377235
693,ripple,XRP,2023-03-22,0.470749
694,ripple,XRP,2023-03-23,0.425218
695,ripple,XRP,2023-03-24,0.44822
696,ripple,XRP,2023-03-25,0.4268
697,ripple,XRP,2023-03-26,0.44903
698,ripple,XRP,2023-03-27,0.450798
699,ripple,XRP,2023-03-28,0.480489
700,ripple,XRP,2023-03-29,0.516813
701,ripple,XRP,2023-03-30,0.545396
702,ripple,XRP,2023-03-31,0.537231
703,ripple,XRP,2023-04-01,0.538909
704,ripple,XRP,2023-04-02,0.510864
705,ripple,XRP,2023-04-03,0.520639
706,ripple,XRP,2023-04-04,0.497623
707,ripple,XRP,2023-04-05,0.504209
708,ripple,XRP,2023-04-06,0.506489
709,ripple,XRP,2023-04-07,0.503391
710,ripple,XRP,2023-04-08,0.514189
711,ripple,XRP,2023-04-09,0.506259
712,ripple,XRP,2023-04-10,0.505905
713,ripple,XRP,2023-04-11,0.518237
714,ripple,XRP,2023-04-12,0.517487
715,ripple,XRP,2023-04-13,0.505475
716,ripple,XRP,2023-04-14,0.5139
717,ripple,XRP,2023-04-15,0.523743
718,ripple,XRP,2023-04-16,0.520806
719,ripple,XRP,2023-04-17,0.521175
720,ripple,XRP,2023-04-18,0.511424
721,ripple,XRP,2023-04-19,0.531374
722,ripple,XRP,2023-04-20,0.49094
723,ripple,XRP,2023-04-21,0.474619
724,ripple,XRP,2023-04-22,0.449778
725,ripple,XRP,2023-04-23,0.474017
726,ripple,XRP,2023-04-24,0.465374
727,ripple,XRP,2023-04-25,0.461374
728,ripple,XRP,2023-04-26,0.470112
729,ripple,XRP,2023-04-27,0.461767
730,ripple,XRP,2023-04-28,0.467124
731,ripple,XRP,2023-04-29,0.480183
732,cardano,Cardano,2022-10-29,0.404145
733,cardano,Cardano,2022-10-30,0.4182
734,cardano,Cardano,2022-10-31,0.405308
735,cardano,Cardano,2022-11-01,0.406161
736,cardano,Cardano,2022-11-02,0.401078
737,cardano,Cardano,2022-11-03,0.386211
738,cardano,Cardano,2022-11-04,0.38929
739,cardano,Cardano,2022-11-05,0.421524
740,cardano,Cardano,2022-11-06,0.426924
741,cardano,Cardano,2022-11-07,0.404043
742,cardano,Cardano,2022-11-08,0.404244
743,cardano,Cardano,2022-11-09,0.372479
744,cardano,Cardano,2022-11-10,0.315975
745,cardano,Cardano,2022-11-11,0.369886
746,cardano,Cardano,2022-11-12,0.356334
747,cardano,Cardano,2022-11-13,0.339932
748,cardano,Cardano,2022-11-14,0.330178
749,cardano,Cardano,2022-11-15,0.332581
750,cardano,Cardano,2022-11-16,0.337922
751,cardano,Cardano,2022-11-17,0.333429
752,cardano,Cardano,2022-11-18,0.325643
753,cardano,Cardano,2022-11-19,0.327199
754,cardano,Cardano,2022-11-20,0.329133
755,cardano,Cardano,2022-11-21,0.313382
756,cardano,Cardano,2022-11-22,0.305546
757,cardano,Cardano,2022-11-23,0.312196
758,cardano,Cardano,2022-11-24,0.319364
759,cardano,Cardano,2022-11-25,0.317269
760,cardano,Cardano,2022-11-26,0.316026
761,cardano,Cardano,2022-11-27,0.314328
762,cardano,Cardano,2022-11-28,0.313773
763,cardano,Cardano,2022-11-29,0.307044
764,cardano,Cardano,2022-11-30,0.310072
765,cardano,Cardano,2022-12-01,0.320363
766,cardano,Cardano,2022-12-02,0.315338
767,cardano,Cardano,2022-12-03,0.319961
768,cardano,Cardano,2022-12-04,0.320838
769,cardano,Cardano,2022-12-05,0.323576
770,cardano,Cardano,2022-12-06,0.32031
771,cardano,Cardano,2022-12-07,0.319157
772,cardano,Cardano,2022-12-08,0.310985
773,cardano,Cardano,2022-12-09,0.314918
774,cardano,Cardano,2022-12-10,0.312409
775,cardano,Cardano,2022-12-11,0.313122
776,cardano,Cardano,2022-12-12,0.30826
777,cardano,Cardano,2022-12-13,0.307182
778,cardano,Cardano,2022-12-14,0.312275
779,cardano,Cardano,2022-12-15,0.308364
780,cardano,Cardano,2022-12-16,0.299541
781,cardano,Cardano,2022-12-17,0.264476
782,cardano,Cardano,2022-12-18,0.26745
783,cardano,Cardano,2022-12-19,0.266603
784,cardano,Cardano,2022-12-20,0.252834
785,cardano,Cardano,2022-12-21,0.259473
786,cardano,Cardano,2022-12-22,0.253286
787,cardano,Cardano,2022-12-23,0.256659
788,cardano,Cardano,2022-12-24,0.259871
789,cardano,Cardano,2022-12-25,0.259596
790,cardano,Cardano,2022-12-26,0.259638
791,cardano,Cardano,2022-12-27,0.265371
792,cardano,Cardano,2022-12-28,0.260492
793,cardano,Cardano,2022-12-29,0.248406
794,cardano,Cardano,2022-12-30,0.244315
795,cardano,Cardano,2022-12-31,0.245712
796,cardano,Cardano,2023-01-01,0.246398
797,cardano,Cardano,2023-01-02,0.249938
798,cardano,Cardano,2023-01-03,0.253948
799,cardano,Cardano,2023-01-04,0.253144
800,cardano,Cardano,2023-01-05,0.267948
801,cardano,Cardano,2023-01-06,0.269366
802,cardano,Cardano,2023-01-07,0.278878
803,cardano,Cardano,2023-01-08,0.277452
804,cardano,Cardano,2023-01-09,0.293615
805,cardano,Cardano,2023-01-10,0.317171
806,cardano,Cardano,2023-01-11,0.322658
807,cardano,Cardano,2023-01-12,0.323409
808,cardano,Cardano,2023-01-13,0.330025
809,cardano,Cardano,2023-01-14,0.345371
810,cardano,Cardano,2023-01-15,0.351912
811,cardano,Cardano,2023-01-16,0.350457
812,cardano,Cardano,2023-01-17,0.350283
813,cardano,Cardano,2023-01-18,0.346531
814,cardano,Cardano,2023-01-19,0.327856
815,cardano,Cardano,2023-01-20,0.339538
816,cardano,Cardano,2023-01-21,0.363623
817,cardano,Cardano,2023-01-22,0.369337
818,cardano,Cardano,2023-01-23,0.377546
819,cardano,Cardano,2023-01-24,0.376491
820,cardano,Cardano,2023-01-25,0.359069
821,cardano,Cardano,2023-01-26,0.374284
822,cardano,Cardano,2023-01-27,0.380743
823,cardano,Cardano,2023-01-28,0.389889
824,cardano,Cardano,2023-01-29,0.382633
825,cardano,Cardano,2023-01-30,0.396803
826,cardano,Cardano,2023-01-31,0.373281
827,cardano,Cardano,2023-02-01,0.392327
828,cardano,Cardano,2023-02-02,0.397884
829,cardano,Cardano,2023-02-03,0.399495
830,cardano,Cardano,2023-02-04,0.404939
831,cardano,Cardano,2023-02-05,0.400012
832,cardano,Cardano,2023-02-06,0.392854
833,cardano,Cardano,2023-02-07,0.383023
834,cardano,Cardano,2023-02-08,0.399503
835,cardano,Cardano,2023-02-09,0.394613
836,cardano,Cardano,2023-02-10,0.362532
837,cardano,Cardano,2023-02-11,0.359085
838,cardano,Cardano,2023-02-12,0.370121
839,cardano,Cardano,2023-02-13,0.364262
840,cardano,Cardano,2023-02-14,0.36016
841,cardano,Cardano,2023-02-15,0.387292
842,cardano,Cardano,2023-02-16,0.413085
843,cardano,Cardano,2023-02-17,0.390815
844,cardano,Cardano,2023-02-18,0.405017
845,cardano,Cardano,2023-02-19,0.406912
846,cardano,Cardano,2023-02-20,0.399433
847,cardano,Cardano,2023-02-21,0.403082
848,cardano,Cardano,2023-02-22,0.39243
849,cardano,Cardano,2023-02-23,0.388799
850,cardano,Cardano,2023-02-24,0.38372
851,cardano,Cardano,2023-02-25,0.365932
852,cardano,Cardano,2023-02-26,0.362651
853,cardano,Cardano,2023-02-27,0.369101
854,cardano,Cardano,2023-02-28,0.365401
855,cardano,Cardano,2023-03-01,0.352743
856,cardano,Cardano,2023-03-02,0.361084
857,cardano,Cardano,2023-03-03,0.35045
858,cardano,Cardano,2023-03-04,0.343687
859,cardano,Cardano,2023-03-05,0.337276
860,cardano,Cardano,2023-03-06,0.337739
861,cardano,Cardano,2023-03-07,0.331456
862,cardano,Cardano,2023-03-08,0.33134
863,cardano,Cardano,2023-03-09,0.318386
864,cardano,Cardano,2023-03-10,0.310324
865,cardano,Cardano,2023-03-11,0.315614
866,cardano,Cardano,2023-03-12,0.305931
867,cardano,Cardano,2023-03-13,0.331014
868,cardano,Cardano,2023-03-14,0.34394
869,cardano,Cardano,2023-03-15,0.344403
870,cardano,Cardano,2023-03-16,0.325547
871,cardano,Cardano,2023-03-17,0.326788
872,cardano,Cardano,2023-03-18,0.350248
873,cardano,Cardano,2023-03-19,0.338968
874,cardano,Cardano,2023-03-20,0.348534
875,cardano,Cardano,2023-03-21,0.334675
876,cardano,Cardano,2023-03-22,0.373104
877,cardano,Cardano,2023-03-23,0.363063
878,cardano,Cardano,2023-03-24,0.373908
879,cardano,Cardano,2023-03-25,0.362435
880,cardano,Cardano,2023-03-26,0.354723
881,cardano,Cardano,2023-03-27,0.357011
882,cardano,Cardano,2023-03-28,0.346916
883,cardano,Cardano,2023-03-29,0.369323
884,cardano,Cardano,2023-03-30,0.382589
885,cardano,Cardano,2023-03-31,0.377093
886,cardano,Cardano,2023-04-01,0.399465
887,cardano,Cardano,2023-04-02,0.393903
888,cardano,Cardano,2023-04-03,0.382296
889,cardano,Cardano,2023-04-04,0.387779
890,cardano,Cardano,2023-04-05,0.390019
891,cardano,Cardano,2023-04-06,0.39267
892,cardano,Cardano,2023-04-07,0.383787
893,cardano,Cardano,2023-04-08,0.384286
894,cardano,Cardano,2023-04-09,0.386468
895,cardano,Cardano,2023-04-10,0.389867
896,cardano,Cardano,2023-04-11,0.397182
897,cardano,Cardano,2023-04-12,0.401664
898,cardano,Cardano,2023-04-13,0.405404
899,cardano,Cardano,2023-04-14,0.426155
900,cardano,Cardano,2023-04-15,0.43892
901,cardano,Cardano,2023-04-16,0.454158
902,cardano,Cardano,2023-04-17,0.451766
903,cardano,Cardano,2023-04-18,0.434619
904,cardano,Cardano,2023-04-19,0.443614
905,cardano,Cardano,2023-04-20,0.41525
906,cardano,Cardano,2023-04-21,0.40075
907,cardano,Cardano,2023-04-22,0.382983
908,cardano,Cardano,2023-04-23,0.396924
909,cardano,Cardano,2023-04-24,0.389096
910,cardano,Cardano,2023-04-25,0.384051
911,cardano,Cardano,2023-04-26,0.395085
912,cardano,Cardano,2023-04-27,0.401301
913,cardano,Cardano,2023-04-28,0.410319
914,cardano,Cardano,2023-04-29,0.405229
915,dogecoin,Dogecoin,2022-10-29,0.0841222
916,dogecoin,Dogecoin,2022-10-30,0.119956
917,dogecoin,Dogecoin,2022-10-31,0.117565
918,dogecoin,Dogecoin,2022-11-01,0.126768
919,dogecoin,Dogecoin,2022-11-02,0.142498
920,dogecoin,Dogecoin,2022-11-03,0.127884
921,dogecoin,Dogecoin,2022-11-04,0.122486
922,dogecoin,Dogecoin,2022-11-05,0.125998
923,dogecoin,Dogecoin,2022-11-06,0.124334
924,dogecoin,Dogecoin,2022-11-07,0.114647
925,dogecoin,Dogecoin,2022-11-08,0.111073
926,dogecoin,Dogecoin,2022-11-09,0.0887189
927,dogecoin,Dogecoin,2022-11-10,0.0748088
928,dogecoin,Dogecoin,2022-11-11,0.0908698
929,dogecoin,Dogecoin,2022-11-12,0.0863721
930,dogecoin,Dogecoin,2022-11-13,0.0888309
931,dogecoin,Dogecoin,2022-11-14,0.0857929
932,dogecoin,Dogecoin,2022-11-15,0.0866983
933,dogecoin,Dogecoin,2022-11-16,0.087442
934,dogecoin,Dogecoin,2022-11-17,0.08616
935,dogecoin,Dogecoin,2022-11-18,0.0849611
936,dogecoin,Dogecoin,2022-11-19,0.084986
937,dogecoin,Dogecoin,2022-11-20,0.0849552
938,dogecoin,Dogecoin,2022-11-21,0.0777325
939,dogecoin,Dogecoin,2022-11-22,0.0751243
940,dogecoin,Dogecoin,2022-11-23,0.07869
941,dogecoin,Dogecoin,2022-11-24,0.0823378
942,dogecoin,Dogecoin,2022-11-25,0.0818346
943,dogecoin,Dogecoin,2022-11-26,0.0898513
944,dogecoin,Dogecoin,2022-11-27,0.0895024
945,dogecoin,Dogecoin,2022-11-28,0.099259
946,dogecoin,Dogecoin,2022-11-29,0.0954522
947,dogecoin,Dogecoin,2022-11-30,0.102482
948,dogecoin,Dogecoin,2022-12-01,0.107644
949,dogecoin,Dogecoin,2022-12-02,0.102085
950,dogecoin,Dogecoin,2022-12-03,0.102646
951,dogecoin,Dogecoin,2022-12-04,0.100237
952,dogecoin,Dogecoin,2022-12-05,0.104639
953,dogecoin,Dogecoin,2022-12-06,0.101823
954,dogecoin,Dogecoin,2022-12-07,0.100454
955,dogecoin,Dogecoin,2022-12-08,0.0959992
956,dogecoin,Dogecoin,2022-12-09,0.0986251
957,dogecoin,Dogecoin,2022-12-10,0.0969542
958,dogecoin,Dogecoin,2022-12-11,0.096491
959,dogecoin,Dogecoin,2022-12-12,0.0930353
960,dogecoin,Dogecoin,2022-12-13,0.0904317
961,dogecoin,Dogecoin,2022-12-14,0.0910493
962,dogecoin,Dogecoin,2022-12-15,0.0885433
963,dogecoin,Dogecoin,2022-12-16,0.0845323
964,dogecoin,Dogecoin,2022-12-17,0.0760269
965,dogecoin,Dogecoin,2022-12-18,0.0794249
966,dogecoin,Dogecoin,2022-12-19,0.0789519
967,dogecoin,Dogecoin,2022-12-20,0.0714869
968,dogecoin,Dogecoin,2022-12-21,0.0750241
969,dogecoin,Dogecoin,2022-12-22,0.0737177
970,dogecoin,Dogecoin,2022-12-23,0.0770774
971,dogecoin,Dogecoin,2022-12-24,0.0773644
972,dogecoin,Dogecoin,2022-12-25,0.0777037
973,dogecoin,Dogecoin,2022-12-26,0.0760375
974,dogecoin,Dogecoin,2022-12-27,0.0757306
975,dogecoin,Dogecoin,2022-12-28,0.0736795
976,dogecoin,Dogecoin,2022-12-29,0.070388
977,dogecoin,Dogecoin,2022-12-30,0.0711006
978,dogecoin,Dogecoin,2022-12-31,0.0684059
979,dogecoin,Dogecoin,2023-01-01,0.0703383
980,dogecoin,Dogecoin,2023-01-02,0.070266
981,dogecoin,Dogecoin,2023-01-03,0.0714259
982,dogecoin,Dogecoin,2023-01-04,0.0705441
983,dogecoin,Dogecoin,2023-01-05,0.0732559
984,dogecoin,Dogecoin,2023-01-06,0.0715367
985,dogecoin,Dogecoin,2023-01-07,0.0726
986,dogecoin,Dogecoin,2023-01-08,0.0723264
987,dogecoin,Dogecoin,2023-01-09,0.0733536
988,dogecoin,Dogecoin,2023-01-10,0.07594
989,dogecoin,Dogecoin,2023-01-11,0.0776418
990,dogecoin,Dogecoin,2023-01-12,0.0783018
991,dogecoin,Dogecoin,2023-01-13,0.0803095
992,dogecoin,Dogecoin,2023-01-14,0.0843157
993,dogecoin,Dogecoin,2023-01-15,0.0875537
994,dogecoin,Dogecoin,2023-01-16,0.0861357
995,dogecoin,Dogecoin,2023-01-17,0.0836855
996,dogecoin,Dogecoin,2023-01-18,0.0830809
997,dogecoin,Dogecoin,2023-01-19,0.0803692
998,dogecoin,Dogecoin,2023-01-20,0.0817235
999,dogecoin,Dogecoin,2023-01-21,0.0864661
1000,dogecoin,Dogecoin,2023-01-22,0.0847089
1001,dogecoin,Dogecoin,2023-01-23,0.0884996
1002,dogecoin,Dogecoin,2023-01-24,0.0889082
1003,dogecoin,Dogecoin,2023-01-25,0.0840596
1004,dogecoin,Dogecoin,2023-01-26,0.0870436
1005,dogecoin,Dogecoin,2023-01-27,0.0866637
1006,dogecoin,Dogecoin,2023-01-28,0.0873778
1007,dogecoin,Dogecoin,2023-01-29,0.0880254
1008,dogecoin,Dogecoin,2023-01-30,0.0903793
1009,dogecoin,Dogecoin,2023-01-31,0.0882777
1010,dogecoin,Dogecoin,2023-02-01,0.0964502
1011,dogecoin,Dogecoin,2023-02-02,0.0943739
1012,dogecoin,Dogecoin,2023-02-03,0.0914852
1013,dogecoin,Dogecoin,2023-02-04,0.0932022
1014,dogecoin,Dogecoin,2023-02-05,0.0957494
1015,dogecoin,Dogecoin,2023-02-06,0.0922679
1016,dogecoin,Dogecoin,2023-02-07,0.0896952
1017,dogecoin,Dogecoin,2023-02-08,0.0927973
1018,dogecoin,Dogecoin,2023-02-09,0.0904127
1019,dogecoin,Dogecoin,2023-02-10,0.0816101
1020,dogecoin,Dogecoin,2023-02-11,0.0812965
1021,dogecoin,Dogecoin,2023-02-12,0.0824957
1022,dogecoin,Dogecoin,2023-02-13,0.0821566
1023,dogecoin,Dogecoin,2023-02-14,0.0824376
1024,dogecoin,Dogecoin,2023-02-15,0.08379
1025,dogecoin,Dogecoin,2023-02-16,0.0892232
1026,dogecoin,Dogecoin,2023-02-17,0.0852917
1027,dogecoin,Dogecoin,2023-02-18,0.0878022
1028,dogecoin,Dogecoin,2023-02-19,0.088926
1029,dogecoin,Dogecoin,2023-02-20,0.0869242
1030,dogecoin,Dogecoin,2023-02-21,0.0881631
1031,dogecoin,Dogecoin,2023-02-22,0.0854257
1032,dogecoin,Dogecoin,2023-02-23,0.0854645
1033,dogecoin,Dogecoin,2023-02-24,0.0843744
1034,dogecoin,Dogecoin,2023-02-25,0.0810245
1035,dogecoin,Dogecoin,2023-02-26,0.080887
1036,dogecoin,Dogecoin,2023-02-27,0.0822993
1037,dogecoin,Dogecoin,2023-02-28,0.081467
1038,dogecoin,Dogecoin,2023-03-01,0.080951
1039,dogecoin,Dogecoin,2023-03-02,0.0821266
1040,dogecoin,Dogecoin,2023-03-03,0.0805635
1041,dogecoin,Dogecoin,2023-03-04,0.0770329
1042,dogecoin,Dogecoin,2023-03-05,0.0748432
1043,dogecoin,Dogecoin,2023-03-06,0.0749641
1044,dogecoin,Dogecoin,2023-03-07,0.0750064
1045,dogecoin,Dogecoin,2023-03-08,0.0742021
1046,dogecoin,Dogecoin,2023-03-09,0.071317
1047,dogecoin,Dogecoin,2023-03-10,0.0661593
1048,dogecoin,Dogecoin,2023-03-11,0.0661053
1049,dogecoin,Dogecoin,2023-03-12,0.0664705
1050,dogecoin,Dogecoin,2023-03-13,0.0710114
1051,dogecoin,Dogecoin,2023-03-14,0.0730996
1052,dogecoin,Dogecoin,2023-03-15,0.0750182
1053,dogecoin,Dogecoin,2023-03-16,0.070145
1054,dogecoin,Dogecoin,2023-03-17,0.0733334
1055,dogecoin,Dogecoin,2023-03-18,0.0767346
1056,dogecoin,Dogecoin,2023-03-19,0.0734257
1057,dogecoin,Dogecoin,2023-03-20,0.0752764
1058,dogecoin,Dogecoin,2023-03-21,0.072129
1059,dogecoin,Dogecoin,2023-03-22,0.0773331
1060,dogecoin,Dogecoin,2023-03-23,0.0745355
1061,dogecoin,Dogecoin,2023-03-24,0.0779602
1062,dogecoin,Dogecoin,2023-03-25,0.0752436
1063,dogecoin,Dogecoin,2023-03-26,0.0746701
1064,dogecoin,Dogecoin,2023-03-27,0.0746117
1065,dogecoin,Dogecoin,2023-03-28,0.0732348
1066,dogecoin,Dogecoin,2023-03-29,0.0741403
1067,dogecoin,Dogecoin,2023-03-30,0.0758373
1068,dogecoin,Dogecoin,2023-03-31,0.0744722
1069,dogecoin,Dogecoin,2023-04-01,0.0772296
1070,dogecoin,Dogecoin,2023-04-02,0.0818635
1071,dogecoin,Dogecoin,2023-04-03,0.0793276
1072,dogecoin,Dogecoin,2023-04-04,0.0961521
1073,dogecoin,Dogecoin,2023-04-05,0.0951822
1074,dogecoin,Dogecoin,2023-04-06,0.093058
1075,dogecoin,Dogecoin,2023-04-07,0.0855132
1076,dogecoin,Dogecoin,2023-04-08,0.0825417
1077,dogecoin,Dogecoin,2023-04-09,0.0814667
1078,dogecoin,Dogecoin,2023-04-10,0.0833689
1079,dogecoin,Dogecoin,2023-04-11,0.0848506
1080,dogecoin,Dogecoin,2023-04-12,0.084254
1081,dogecoin,Dogecoin,2023-04-13,0.0835234
1082,dogecoin,Dogecoin,2023-04-14,0.0875916
1083,dogecoin,Dogecoin,2023-04-15,0.0887386
1084,dogecoin,Dogecoin,2023-04-16,0.0890239
1085,dogecoin,Dogecoin,2023-04-17,0.0903872
1086,dogecoin,Dogecoin,2023-04-18,0.0916102
1087,dogecoin,Dogecoin,2023-04-19,0.0939824
1088,dogecoin,Dogecoin,2023-04-20,0.087667
1089,dogecoin,Dogecoin,2023-04-21,0.0839865
1090,dogecoin,Dogecoin,2023-04-22,0.0784956
1091,dogecoin,Dogecoin,2023-04-23,0.0805531
1092,dogecoin,Dogecoin,2023-04-24,0.0789644
1093,dogecoin,Dogecoin,2023-04-25,0.0788789
1094,dogecoin,Dogecoin,2023-04-26,0.0799806
1095,dogecoin,Dogecoin,2023-04-27,0.0786349
1096,dogecoin,Dogecoin,2023-04-28,0.0802579
1097,dogecoin,Dogecoin,2023-04-29,0.080432
1098,matic-network,Polygon,2022-10-29,0.943387
1099,matic-network,Polygon,2022-10-30,0.933578
1100,matic-network,Polygon,2022-10-31,0.908175
1101,matic-network,Polygon,2022-11-01,0.90321
1102,matic-network,Polygon,2022-11-02,0.875184
1103,matic-network,Polygon,2022-11-03,0.872504
1104,matic-network,Polygon,2022-11-04,0.952689
1105,matic-network,Polygon,2022-11-05,1.16829
1106,matic-network,Polygon,2022-11-06,1.1829
1107,matic-network,Polygon,2022-11-07,1.13822
1108,matic-network,Polygon,2022-11-08,1.24592
1109,matic-network,Polygon,2022-11-09,1.04847
1110,matic-network,Polygon,2022-11-10,0.807445
1111,matic-network,Polygon,2022-11-11,1.13038
1112,matic-network,Polygon,2022-11-12,1.07382
1113,matic-network,Polygon,2022-11-13,0.939178
1114,matic-network,Polygon,2022-11-14,0.893506
1115,matic-network,Polygon,2022-11-15,0.917457
1116,matic-network,Polygon,2022-11-16,0.941734
1117,matic-network,Polygon,2022-11-17,0.903156
1118,matic-network,Polygon,2022-11-18,0.875306
1119,matic-network,Polygon,2022-11-19,0.88175
1120,matic-network,Polygon,2022-11-20,0.878308
1121,matic-network,Polygon,2022-11-21,0.809609
1122,matic-network,Polygon,2022-11-22,0.796973
1123,matic-network,Polygon,2022-11-23,0.850297
1124,matic-network,Polygon,2022-11-24,0.862448
1125,matic-network,Polygon,2022-11-25,0.850539
1126,matic-network,Polygon,2022-11-26,0.844549
1127,matic-network,Polygon,2022-11-27,0.848156
1128,matic-network,Polygon,2022-11-28,0.845851
1129,matic-network,Polygon,2022-11-29,0.824091
1130,matic-network,Polygon,2022-11-30,0.839293
1131,matic-network,Polygon,2022-12-01,0.933451
1132,matic-network,Polygon,2022-12-02,0.90932
1133,matic-network,Polygon,2022-12-03,0.94866
1134,matic-network,Polygon,2022-12-04,0.905368
1135,matic-network,Polygon,2022-12-05,0.922673
1136,matic-network,Polygon,2022-12-06,0.912769
1137,matic-network,Polygon,2022-12-07,0.918216
1138,matic-network,Polygon,2022-12-08,0.897855
1139,matic-network,Polygon,2022-12-09,0.928114
1140,matic-network,Polygon,2022-12-10,0.910443
1141,matic-network,Polygon,2022-12-11,0.908655
1142,matic-network,Polygon,2022-12-12,0.893177
1143,matic-network,Polygon,2022-12-13,0.910483
1144,matic-network,Polygon,2022-12-14,0.922484
1145,matic-network,Polygon,2022-12-15,0.903913
1146,matic-network,Polygon,2022-12-16,0.875461
1147,matic-network,Polygon,2022-12-17,0.797092
1148,matic-network,Polygon,2022-12-18,0.817406
1149,matic-network,Polygon,2022-12-19,0.816234
1150,matic-network,Polygon,2022-12-20,0.772738
1151,matic-network,Polygon,2022-12-21,0.802836
1152,matic-network,Polygon,2022-12-22,0.79253
1153,matic-network,Polygon,2022-12-23,0.796025
1154,matic-network,Polygon,2022-12-24,0.799353
1155,matic-network,Polygon,2022-12-25,0.795976
1156,matic-network,Polygon,2022-12-26,0.794638
1157,matic-network,Polygon,2022-12-27,0.814562
1158,matic-network,Polygon,2022-12-28,0.806425
1159,matic-network,Polygon,2022-12-29,0.782642
1160,matic-network,Polygon,2022-12-30,0.777481
1161,matic-network,Polygon,2022-12-31,0.760671
1162,matic-network,Polygon,2023-01-01,0.759185
1163,matic-network,Polygon,2023-01-02,0.760188
1164,matic-network,Polygon,2023-01-03,0.781047
1165,matic-network,Polygon,2023-01-04,0.78097
1166,matic-network,Polygon,2023-01-05,0.806797
1167,matic-network,Polygon,2023-01-06,0.788606
1168,matic-network,Polygon,2023-01-07,0.799934
1169,matic-network,Polygon,2023-01-08,0.807437
1170,matic-network,Polygon,2023-01-09,0.839085
1171,matic-network,Polygon,2023-01-10,0.844248
1172,matic-network,Polygon,2023-01-11,0.858856
1173,matic-network,Polygon,2023-01-12,0.897871
1174,matic-network,Polygon,2023-01-13,0.91361
1175,matic-network,Polygon,2023-01-14,0.932359
1176,matic-network,Polygon,2023-01-15,1.00015
1177,matic-network,Polygon,2023-01-16,0.982654
1178,matic-network,Polygon,2023-01-17,1.01928
1179,matic-network,Polygon,2023-01-18,0.997492
1180,matic-network,Polygon,2023-01-19,0.941648
1181,matic-network,Polygon,2023-01-20,0.951229
1182,matic-network,Polygon,2023-01-21,1.02453
1183,matic-network,Polygon,2023-01-22,0.989988
1184,matic-network,Polygon,2023-01-23,0.995025
1185,matic-network,Polygon,2023-01-24,0.998054
1186,matic-network,Polygon,2023-01-25,0.955388
1187,matic-network,Polygon,2023-01-26,0.994481
1188,matic-network,Polygon,2023-01-27,1.10965
1189,matic-network,Polygon,2023-01-28,1.15836
1190,matic-network,Polygon,2023-01-29,1.14324
1191,matic-network,Polygon,2023-01-30,1.17778
1192,matic-network,Polygon,2023-01-31,1.08831
1193,matic-network,Polygon,2023-02-01,1.11119
1194,matic-network,Polygon,2023-02-02,1.19689
1195,matic-network,Polygon,2023-02-03,1.18754
1196,matic-network,Polygon,2023-02-04,1.24741
1197,matic-network,Polygon,2023-02-05,1.25237
1198,matic-network,Polygon,2023-02-06,1.20612
1199,matic-network,Polygon,2023-02-07,1.19135
1200,matic-network,Polygon,2023-02-08,1.2697
1201,matic-network,Polygon,2023-02-09,1.30628
1202,matic-network,Polygon,2023-02-10,1.22796
1203,matic-network,Polygon,2023-02-11,1.23046
1204,matic-network,Polygon,2023-02-12,1.25346
1205,matic-network,Polygon,2023-02-13,1.23756
1206,matic-network,Polygon,2023-02-14,1.18734
1207,matic-network,Polygon,2023-02-15,1.26035
1208,matic-network,Polygon,2023-02-16,1.33028
1209,matic-network,Polygon,2023-02-17,1.37886
1210,matic-network,Polygon,2023-02-18,1.5309
1211,matic-network,Polygon,2023-02-19,1.48681
1212,matic-network,Polygon,2023-02-20,1.47824
1213,matic-network,Polygon,2023-02-21,1.47205
1214,matic-network,Polygon,2023-02-22,1.3833
1215,matic-network,Polygon,2023-02-23,1.39691
1216,matic-network,Polygon,2023-02-24,1.35552
1217,matic-network,Polygon,2023-02-25,1.26466
1218,matic-network,Polygon,2023-02-26,1.24747
1219,matic-network,Polygon,2023-02-27,1.27928
1220,matic-network,Polygon,2023-02-28,1.23423
1221,matic-network,Polygon,2023-03-01,1.19394
1222,matic-network,Polygon,2023-03-02,1.24542
1223,matic-network,Polygon,2023-03-03,1.22447
1224,matic-network,Polygon,2023-03-04,1.1697
1225,matic-network,Polygon,2023-03-05,1.12624
1226,matic-network,Polygon,2023-03-06,1.13741
1227,matic-network,Polygon,2023-03-07,1.13197
1228,matic-network,Polygon,2023-03-08,1.15034
1229,matic-network,Polygon,2023-03-09,1.05462
1230,matic-network,Polygon,2023-03-10,1.01551
1231,matic-network,Polygon,2023-03-11,1.05896
1232,matic-network,Polygon,2023-03-12,1.05911
1233,matic-network,Polygon,2023-03-13,1.1536
1234,matic-network,Polygon,2023-03-14,1.19177
1235,matic-network,Polygon,2023-03-15,1.20129
1236,matic-network,Polygon,2023-03-16,1.11673
1237,matic-network,Polygon,2023-03-17,1.15684
1238,matic-network,Polygon,2023-03-18,1.22522
1239,matic-network,Polygon,2023-03-19,1.17625
1240,matic-network,Polygon,2023-03-20,1.17634
1241,matic-network,Polygon,2023-03-21,1.11138
1242,matic-network,Polygon,2023-03-22,1.16095
1243,matic-network,Polygon,2023-03-23,1.11612
1244,matic-network,Polygon,2023-03-24,1.14074
1245,matic-network,Polygon,2023-03-25,1.09735
1246,matic-network,Polygon,2023-03-26,1.08504
1247,matic-network,Polygon,2023-03-27,1.10613
1248,matic-network,Polygon,2023-03-28,1.04915
1249,matic-network,Polygon,2023-03-29,1.08828
1250,matic-network,Polygon,2023-03-30,1.12472
1251,matic-network,Polygon,2023-03-31,1.0931
1252,matic-network,Polygon,2023-04-01,1.11943
1253,matic-network,Polygon,2023-04-02,1.11233
1254,matic-network,Polygon,2023-04-03,1.09799
1255,matic-network,Polygon,2023-04-04,1.09735
1256,matic-network,Polygon,2023-04-05,1.13974
1257,matic-network,Polygon,2023-04-06,1.14158
1258,matic-network,Polygon,2023-04-07,1.11378
1259,matic-network,Polygon,2023-04-08,1.10885
1260,matic-network,Polygon,2023-04-09,1.10319
1261,matic-network,Polygon,2023-04-10,1.1018
1262,matic-network,Polygon,2023-04-11,1.12136
1263,matic-network,Polygon,2023-04-12,1.11398
1264,matic-network,Polygon,2023-04-13,1.10439
1265,matic-network,Polygon,2023-04-14,1.13508
1266,matic-network,Polygon,2023-04-15,1.16207
1267,matic-network,Polygon,2023-04-16,1.17273
1268,matic-network,Polygon,2023-04-17,1.18407
1269,matic-network,Polygon,2023-04-18,1.15472
1270,matic-network,Polygon,2023-04-19,1.1714
1271,matic-network,Polygon,2023-04-20,1.08425
1272,matic-network,Polygon,2023-04-21,1.04704
1273,matic-network,Polygon,2023-04-22,1.01291
1274,matic-network,Polygon,2023-04-23,1.0276
1275,matic-network,Polygon,2023-04-24,1.00377
1276,matic-network,Polygon,2023-04-25,0.990507
1277,matic-network,Polygon,2023-04-26,1.00795
1278,matic-network,Polygon,2023-04-27,0.985312
1279,matic-network,Polygon,2023-04-28,1.01317
1280,matic-network,Polygon,2023-04-29,0.998712
1281,solana,Solana,2022-10-29,32.1139
1282,solana,Solana,2022-10-30,32.8394
1283,solana,Solana,2022-10-31,32.9072
1284,solana,Solana,2022-11-01,32.6013
1285,solana,Solana,2022-11-02,32.241
1286,solana,Solana,2022-11-03,30.7884
1287,solana,Solana,2022-11-04,30.8266
1288,solana,Solana,2022-11-05,33.7884
1289,solana,Solana,2022-11-06,36.7184
1290,solana,Solana,2022-11-07,32.7732
1291,solana,Solana,2022-11-08,29.5493
1292,solana,Solana,2022-11-09,24.2281
1293,solana,Solana,2022-11-10,14.0041
1294,solana,Solana,2022-11-11,17.8356
1295,solana,Solana,2022-11-12,16.6254
1296,solana,Solana,2022-11-13,14.7055
1297,solana,Solana,2022-11-14,13.2526
1298,solana,Solana,2022-11-15,14.0966
1299,solana,Solana,2022-11-16,14.3552
1300,solana,Solana,2022-11-17,14.3556
1301,solana,Solana,2022-11-18,13.6649
1302,solana,Solana,2022-11-19,13.2976
1303,solana,Solana,2022-11-20,12.8847
1304,solana,Solana,2022-11-21,12.3455
1305,solana,Solana,2022-11-22,11.9181
1306,solana,Solana,2022-11-23,12.4352
1307,solana,Solana,2022-11-24,14.4155
1308,solana,Solana,2022-11-25,14.5925
1309,solana,Solana,2022-11-26,14.0756
1310,solana,Solana,2022-11-27,14.1652
1311,solana,Solana,2022-11-28,14.1064
1312,solana,Solana,2022-11-29,13.3431
1313,solana,Solana,2022-11-30,13.3741
1314,solana,Solana,2022-12-01,14.1471
1315,solana,Solana,2022-12-02,13.5092
1316,solana,Solana,2022-12-03,13.7655
1317,solana,Solana,2022-12-04,13.3344
1318,solana,Solana,2022-12-05,13.7768
1319,solana,Solana,2022-12-06,13.8736
1320,solana,Solana,2022-12-07,14.2977
1321,solana,Solana,2022-12-08,13.5368
1322,solana,Solana,2022-12-09,13.6932
1323,solana,Solana,2022-12-10,13.6129
1324,solana,Solana,2022-12-11,13.5859
1325,solana,Solana,2022-12-12,13.4395
1326,solana,Solana,2022-12-13,13.324
1327,solana,Solana,2022-12-14,13.8281
1328,solana,Solana,2022-12-15,14.1491
1329,solana,Solana,2022-12-16,13.9945
1330,solana,Solana,2022-12-17,12.2723
1331,solana,Solana,2022-12-18,12.5258
1332,solana,Solana,2022-12-19,12.4166
1333,solana,Solana,2022-12-20,11.9357
1334,solana,Solana,2022-12-21,12.2806
1335,solana,Solana,2022-12-22,12.1194
1336,solana,Solana,2022-12-23,11.7947
1337,solana,Solana,2022-12-24,11.8006
1338,solana,Solana,2022-12-25,11.4703
1339,solana,Solana,2022-12-26,11.401
1340,solana,Solana,2022-12-27,11.3013
1341,solana,Solana,2022-12-28,11.0803
1342,solana,Solana,2022-12-29,9.77082
1343,solana,Solana,2022-12-30,9.5978
1344,solana,Solana,2022-12-31,9.88823
1345,solana,Solana,2023-01-01,9.96146
1346,solana,Solana,2023-01-02,9.97395
1347,solana,Solana,2023-01-03,11.2664
1348,solana,Solana,2023-01-04,13.3554
1349,solana,Solana,2023-01-05,13.4563
1350,solana,Solana,2023-01-06,13.4385
1351,solana,Solana,2023-01-07,13.5245
1352,solana,Solana,2023-01-08,13.0889
1353,solana,Solana,2023-01-09,14.3661
1354,solana,Solana,2023-01-10,16.3023
1355,solana,Solana,2023-01-11,16.2032
1356,solana,Solana,2023-01-12,16.4634
1357,solana,Solana,2023-01-13,16.6157
1358,solana,Solana,2023-01-14,18.2797
1359,solana,Solana,2023-01-15,24.3029
1360,solana,Solana,2023-01-16,22.8375
1361,solana,Solana,2023-01-17,23.586
1362,solana,Solana,2023-01-18,22.8816
1363,solana,Solana,2023-01-19,20.8576
1364,solana,Solana,2023-01-20,21.4146
1365,solana,Solana,2023-01-21,25.5758
1366,solana,Solana,2023-01-22,24.6653
1367,solana,Solana,2023-01-23,24.2718
1368,solana,Solana,2023-01-24,24.4266
1369,solana,Solana,2023-01-25,22.7893
1370,solana,Solana,2023-01-26,24.6604
1371,solana,Solana,2023-01-27,24.3632
1372,solana,Solana,2023-01-28,24.4137
1373,solana,Solana,2023-01-29,23.9862
1374,solana,Solana,2023-01-30,26.1777
1375,solana,Solana,2023-01-31,23.9633
1376,solana,Solana,2023-02-01,23.9614
1377,solana,Solana,2023-02-02,24.9833
1378,solana,Solana,2023-02-03,24.3195
1379,solana,Solana,2023-02-04,24.6865
1380,solana,Solana,2023-02-05,24.352
1381,solana,Solana,2023-02-06,23.5136
1382,solana,Solana,2023-02-07,22.717
1383,solana,Solana,2023-02-08,23.9042
1384,solana,Solana,2023-02-09,23.2066
1385,solana,Solana,2023-02-10,20.4377
1386,solana,Solana,2023-02-11,20.1238
1387,solana,Solana,2023-02-12,20.8449
1388,solana,Solana,2023-02-13,21.4408
1389,solana,Solana,2023-02-14,20.7847
1390,solana,Solana,2023-02-15,21.8452
1391,solana,Solana,2023-02-16,23.8892
1392,solana,Solana,2023-02-17,22.3446
1393,solana,Solana,2023-02-18,23.194
1394,solana,Solana,2023-02-19,23.4513
1395,solana,Solana,2023-02-20,24.8105
1396,solana,Solana,2023-02-21,26.035
1397,solana,Solana,2023-02-22,24.921
1398,solana,Solana,2023-02-23,24.1701
1399,solana,Solana,2023-02-24,23.9244
1400,solana,Solana,2023-02-25,23.0584
1401,solana,Solana,2023-02-26,22.4104
1402,solana,Solana,2023-02-27,23.2309
1403,solana,Solana,2023-02-28,22.6936
1404,solana,Solana,2023-03-01,21.9158
1405,solana,Solana,2023-03-02,22.5058
1406,solana,Solana,2023-03-03,21.974
1407,solana,Solana,2023-03-04,21.4068
1408,solana,Solana,2023-03-05,20.9555
1409,solana,Solana,2023-03-06,21.0026
1410,solana,Solana,2023-03-07,20.631
1411,solana,Solana,2023-03-08,20.2727
1412,solana,Solana,2023-03-09,18.4279
1413,solana,Solana,2023-03-10,17.3331
1414,solana,Solana,2023-03-11,18.2127
1415,solana,Solana,2023-03-12,18.0685
1416,solana,Solana,2023-03-13,20.3382
1417,solana,Solana,2023-03-14,20.3771
1418,solana,Solana,2023-03-15,20.9799
1419,solana,Solana,2023-03-16,19.3364
1420,solana,Solana,2023-03-17,19.8328
1421,solana,Solana,2023-03-18,21.6446
1422,solana,Solana,2023-03-19,21.3175
1423,solana,Solana,2023-03-20,22.0221
1424,solana,Solana,2023-03-21,22.322
1425,solana,Solana,2023-03-22,22.7402
1426,solana,Solana,2023-03-23,21.5781
1427,solana,Solana,2023-03-24,22.3062
1428,solana,Solana,2023-03-25,20.7738
1429,solana,Solana,2023-03-26,20.5937
1430,solana,Solana,2023-03-27,20.9823
1431,solana,Solana,2023-03-28,19.9575
1432,solana,Solana,2023-03-29,20.4993
1433,solana,Solana,2023-03-30,21.1323
1434,solana,Solana,2023-03-31,20.5744
1435,solana,Solana,2023-04-01,21.2054
1436,solana,Solana,2023-04-02,21.0835
1437,solana,Solana,2023-04-03,20.5654
1438,solana,Solana,2023-04-04,20.4367
1439,solana,Solana,2023-04-05,20.9211
1440,solana,Solana,2023-04-06,20.9824
1441,solana,Solana,2023-04-07,20.609
1442,solana,Solana,2023-04-08,20.4838
1443,solana,Solana,2023-04-09,20.0426
1444,solana,Solana,2023-04-10,20.3043
1445,solana,Solana,2023-04-11,20.8751
1446,solana,Solana,2023-04-12,23.0057
1447,solana,Solana,2023-04-13,23.8305
1448,solana,Solana,2023-04-14,24.4277
1449,solana,Solana,2023-04-15,24.7737
1450,solana,Solana,2023-04-16,24.0761
1451,solana,Solana,2023-04-17,25.2958
1452,solana,Solana,2023-04-18,24.5825
1453,solana,Solana,2023-04-19,24.8288
1454,solana,Solana,2023-04-20,22.6692
1455,solana,Solana,2023-04-21,22.1788
1456,solana,Solana,2023-04-22,21.2563
1457,solana,Solana,2023-04-23,21.8515
1458,solana,Solana,2023-04-24,21.4993
1459,solana,Solana,2023-04-25,21.3881
1460,solana,Solana,2023-04-26,21.9396
1461,solana,Solana,2023-04-27,21.2562
1462,solana,Solana,2023-04-28,22.3379
1463,solana,Solana,2023-04-29,23.3748
1464,bitcoin,Bitcoin,2023-04-30,29217.9
1465,bitcoin,Bitcoin,2023-05-01,29362.1
1466,bitcoin,Bitcoin,2023-05-02,28125.5
1467,bitcoin,Bitcoin,2023-05-03,28654.4
1468,ethereum,Ethereum,2023-04-30,1905.27
1469,ethereum,Ethereum,2023-05-01,1885.39
1470,ethereum,Ethereum,2023-05-02,1832.73
1471,ethereum,Ethereum,2023-05-03,1870.83
1472,binancecoin,BNB,2023-04-30,321.774
1473,binancecoin,BNB,2023-05-01,337.622
1474,binancecoin,BNB,2023-05-02,328.973
1475,binancecoin,BNB,2023-05-03,322.206
1476,ripple,XRP,2023-04-30,0.477759
1477,ripple,XRP,2023-05-01,0.473067
1478,ripple,XRP,2023-05-02,0.465231
1479,ripple,XRP,2023-05-03,0.465035
1480,cardano,Cardano,2023-04-30,0.402617
1481,cardano,Cardano,2023-05-01,0.398259
1482,cardano,Cardano,2023-05-02,0.387299
1483,cardano,Cardano,2023-05-03,0.391565
1484,dogecoin,Dogecoin,2023-04-30,0.0815735
1485,dogecoin,Dogecoin,2023-05-01,0.0799507
1486,dogecoin,Dogecoin,2023-05-02,0.0789459
1487,dogecoin,Dogecoin,2023-05-03,0.0788254
1488,matic-network,Polygon,2023-04-30,1.00217
1489,matic-network,Polygon,2023-05-01,0.985723
1490,matic-network,Polygon,2023-05-02,0.961638
1491,matic-network,Polygon,2023-05-03,0.977295
1492,solana,Solana,2023-04-30,23.1284
1493,solana,Solana,2023-05-01,22.9983
1494,solana,Solana,2023-05-02,22.0075
1495,solana,Solana,2023-05-03,22.2628
1496,ripple,XRP,2023-05-04,0.463365
1497,ripple,XRP,2023-05-05,0.462304
1498,cardano,Cardano,2023-05-04,0.393838
1499,cardano,Cardano,2023-05-05,0.38771
1500,dogecoin,Dogecoin,2023-05-04,0.0797023
1501,dogecoin,Dogecoin,2023-05-05,0.0784566
1502,matic-network,Polygon,2023-05-04,1.00645
1503,matic-network,Polygon,2023-05-05,0.983248
1504,solana,Solana,2023-05-04,22.2196
1505,solana,Solana,2023-05-05,21.7418
1506,bitcoin,Bitcoin,2023-05-04,28988.3
1507,bitcoin,Bitcoin,2023-05-05,28846.5
1508,ethereum,Ethereum,2023-05-04,1903.73
1509,ethereum,Ethereum,2023-05-05,1877.4
1510,binancecoin,BNB,2023-05-04,326.012
1511,binancecoin,BNB,2023-05-05,323.824
